,initial_accuracy,final_accuracy
0,0.8006415506415506,0.8267130767130767
1,0.7727272727272727,0.8199563199563199
