,ads_lr,ads_xgboost,voice_lr,voice_xgboost,heart_lr,heart_xgboost
uncertainty,0.03244771057094402,0.021100917431193064,0.016347501167678646,0.04044718000251249,0.021711474853702145,0.00749390031369806
similar,0.013453928773318205,0.010321100917431532,-0.004320411022886464,-0.00502449441024989,0.00610635230260372,0.0120250958522136
k_low,0.03561334087054839,0.02580275229357797,0.013078000934142969,0.03140309006406242,0.024934271902298178,0.012199372603694787
k_high,0.030977953646127702,0.02299311926605492,0.0030359645025687817,0.03353850018841852,0.016707658383512434,0.010108051585919077
